Variable,Min,Q1,Median,Mean,Q3,Max,Skew,St Dev
,,,,,,,,
Age,18,27,39,39.20702541,51,64,0.055672516,14.04996038
BMI,15.96,26.29625,30.4,30.66339686,34.69375,53.13,0.284047111,6.098186912
Children,0,0,1,1.094917788,2,5,0.93838044,1.20549274
,,,,,,,,
,,,,,,,,
,,,,,,,,